{
  "100.0": {
    "exp+1": 26.20076560974121,
    "exp+2": 36.52126693725586,
    "exp-1": 12.787681579589844,
    "exp-2": 9.50775146484375,
    "exp0": 18.1640625,
    "obs": 18.14122985404417
  },
  "110.0": {
    "exp+1": 38.866798400878906,
    "exp+2": 54.34933090209961,
    "exp-1": 18.932939529418945,
    "exp-2": 13.974151611328125,
    "exp0": 26.796875,
    "obs": 26.88987493029034
  },
  "120.0": {
    "exp+1": 32.163700103759766,
    "exp+2": 44.68556594848633,
    "exp-1": 15.826964378356934,
    "exp-2": 11.7364501953125,
    "exp0": 22.421875,
    "obs": 22.426991294411597
  },
  "1200.0": {
    "exp+1": 0.014005417004227638,
    "exp+2": 0.021236639469861984,
    "exp-1": 0.005764961242675781,
    "exp-2": 0.0042572021484375,
    "exp0": 0.009082031436264515,
    "obs": 0.00914202731989847
  },
  "130.0": {
    "exp+1": 19.70166778564453,
    "exp+2": 27.199491500854492,
    "exp-1": 9.736723899841309,
    "exp-2": 7.215911865234375,
    "exp0": 13.734375,
    "obs": 11.370079222560438
  },
  "140.0": {
    "exp+1": 12.002715110778809,
    "exp+2": 16.512767791748047,
    "exp-1": 5.95420503616333,
    "exp-2": 4.4535369873046875,
    "exp0": 8.4140625,
    "obs": 8.395609954160893
  },
  "1400.0": {
    "exp+1": 0.012198266573250294,
    "exp+2": 0.018496429547667503,
    "exp-1": 0.004851150792092085,
    "exp-2": 0.0034606936387717724,
    "exp0": 0.00791015662252903,
    "obs": 0.007554411385388195
  },
  "160.0": {
    "exp+1": 5.091248512268066,
    "exp+2": 6.953088283538818,
    "exp-1": 2.5629281997680664,
    "exp-2": 1.924530029296875,
    "exp0": 3.609375,
    "obs": 3.595261333198141
  },
  "1600.0": {
    "exp+1": 0.010452278889715672,
    "exp+2": 0.01623593457043171,
    "exp-1": 0.004306030459702015,
    "exp-2": 0.002905273577198386,
    "exp0": 0.006640625186264515,
    "obs": 0.006235316933060243
  },
  "180.0": {
    "exp+1": 2.8982648849487305,
    "exp+2": 3.931973695755005,
    "exp-1": 1.4713983535766602,
    "exp-2": 1.1035919189453125,
    "exp0": 2.0546875,
    "obs": 2.0514828938246463
  },
  "1800.0": {
    "exp+1": 0.008640650659799576,
    "exp+2": 0.015016761608421803,
    "exp-1": 0.003292846493422985,
    "exp-2": 0.002221679547801614,
    "exp0": 0.005078124813735485,
    "obs": 0.005359005430337741
  },
  "200.0": {
    "exp+1": 1.775153398513794,
    "exp+2": 2.4150002002716064,
    "exp-1": 0.9063366651535034,
    "exp-2": 0.679779052734375,
    "exp0": 1.265625,
    "obs": 1.2659603413979523
  },
  "2000.0": {
    "exp+1": 0.007859401404857635,
    "exp+2": 0.012740746140480042,
    "exp-1": 0.0027862549759447575,
    "exp-2": 0.001879882882349193,
    "exp0": 0.0042968750931322575,
    "obs": 0.004672634752840651
  },
  "2300.0": {
    "exp+1": 0.007311319932341576,
    "exp+2": 0.01270649116486311,
    "exp-1": 0.0024505616165697575,
    "exp-2": 0.0013427734375,
    "exp0": 0.0042968750931322575,
    "obs": 0.0040735274043098265
  },
  "250.0": {
    "exp+1": 0.7259500622749329,
    "exp+2": 0.9809913039207458,
    "exp-1": 0.37188684940338135,
    "exp-2": 0.2800178527832031,
    "exp0": 0.517578125,
    "obs": 0.5180109603978746
  },
  "2600.0": {
    "exp+1": 0.006654633674770594,
    "exp+2": 0.010438259690999985,
    "exp-1": 0.0021423338912427425,
    "exp-2": 0.0013183592818677425,
    "exp0": 0.0035156249068677425,
    "obs": 0.0035354230968965904
  },
  "2900.0": {
    "exp+1": 0.006654633674770594,
    "exp+2": 0.010438259690999985,
    "exp-1": 0.0021423338912427425,
    "exp-2": 0.0013183592818677425,
    "exp0": 0.0035156249068677425,
    "obs": 0.003406366586304683
  },
  "3200.0": {
    "exp+1": 0.006654633674770594,
    "exp+2": 0.010438259690999985,
    "exp-1": 0.0021423338912427425,
    "exp-2": 0.0013183592818677425,
    "exp0": 0.0035156249068677425,
    "obs": 0.0033799287629381457
  },
  "350.0": {
    "exp+1": 0.25134310126304626,
    "exp+2": 0.34193867444992065,
    "exp-1": 0.12832775712013245,
    "exp-2": 0.09624958038330078,
    "exp0": 0.17919921875,
    "obs": 0.1790324569300157
  },
  "400.0": {
    "exp+1": 0.18802906572818756,
    "exp+2": 0.2567901909351349,
    "exp-1": 0.09521804004907608,
    "exp-2": 0.07159709930419922,
    "exp0": 0.13330078125,
    "obs": 0.1332191421888859
  },
  "450.0": {
    "exp+1": 0.13783611357212067,
    "exp+2": 0.18894514441490173,
    "exp-1": 0.069290891289711,
    "exp-2": 0.05200004577636719,
    "exp0": 0.09716796875,
    "obs": 0.0973500024226598
  },
  "500.0": {
    "exp+1": 0.09848606586456299,
    "exp+2": 0.13616441190242767,
    "exp-1": 0.048763588070869446,
    "exp-2": 0.03630638122558594,
    "exp0": 0.06884765625,
    "obs": 0.06904735627240306
  },
  "600.0": {
    "exp+1": 0.05970190465450287,
    "exp+2": 0.08282292634248734,
    "exp-1": 0.029450953006744385,
    "exp-2": 0.021724700927734375,
    "exp0": 0.04150390625,
    "obs": 0.04125136555073946
  },
  "700.0": {
    "exp+1": 0.04070103168487549,
    "exp+2": 0.05683235451579094,
    "exp-1": 0.019827604293823242,
    "exp-2": 0.01435089111328125,
    "exp0": 0.02783203125,
    "obs": 0.02785627424834509
  },
  "800.0": {
    "exp+1": 0.029914570972323418,
    "exp+2": 0.04297662153840065,
    "exp-1": 0.014261960983276367,
    "exp-2": 0.01032257080078125,
    "exp0": 0.02001953125,
    "obs": 0.02050693963220967
  },
  "90.0": {
    "exp+1": 34.79731369018555,
    "exp+2": 48.64891815185547,
    "exp-1": 17.10717010498047,
    "exp-2": 12.744827270507812,
    "exp0": 24.2578125,
    "obs": 24.29282219611711
  },
  "900.0": {
    "exp+1": 0.02394474484026432,
    "exp+2": 0.034489706158638,
    "exp-1": 0.010523414239287376,
    "exp-2": 0.00824890099465847,
    "exp0": 0.01552734337747097,
    "obs": 0.01568335299480049
  }
}
