{
  "100.0": {
    "exp+1": 142.62091064453125,
    "exp+2": 209.0321044921875,
    "exp-1": 64.7964096069336,
    "exp-2": 47.1588134765625,
    "exp0": 94.6875,
    "obs": 223.64969235028127
  },
  "1000.0": {
    "exp+1": 0.08928855508565903,
    "exp+2": 0.14183185994625092,
    "exp-1": 0.035865817219018936,
    "exp-2": 0.025252532213926315,
    "exp0": 0.05478515475988388,
    "obs": 0.06845419844927977
  },
  "110.0": {
    "exp+1": 69.88155364990234,
    "exp+2": 100.0710678100586,
    "exp-1": 33.26142501831055,
    "exp-2": 24.47967529296875,
    "exp0": 47.65625,
    "obs": 80.08278845542051
  },
  "120.0": {
    "exp+1": 51.04219055175781,
    "exp+2": 70.221435546875,
    "exp-1": 25.4521541595459,
    "exp-2": 18.93890380859375,
    "exp0": 35.78125,
    "obs": 60.58499257539172
  },
  "1200.0": {
    "exp+1": 0.07228732854127884,
    "exp+2": 0.11921508610248566,
    "exp-1": 0.024961818009614944,
    "exp-2": 0.016692353412508965,
    "exp0": 0.04189453274011612,
    "obs": 0.05154964848356043
  },
  "130.0": {
    "exp+1": 38.326778411865234,
    "exp+2": 51.047908782958984,
    "exp-1": 20.225143432617188,
    "exp-2": 15.1611328125,
    "exp0": 28.125,
    "obs": 45.31438215250684
  },
  "140.0": {
    "exp+1": 20.526119232177734,
    "exp+2": 27.338991165161133,
    "exp-1": 10.840995788574219,
    "exp-2": 8.0902099609375,
    "exp0": 15.0625,
    "obs": 20.671259640027294
  },
  "1400.0": {
    "exp+1": 0.06671669334173203,
    "exp+2": 0.11379306763410568,
    "exp-1": 0.02212125062942505,
    "exp-2": 0.014467621222138405,
    "exp0": 0.03779296949505806,
    "obs": 0.04193064939705243
  },
  "160.0": {
    "exp+1": 9.097203254699707,
    "exp+2": 12.274836540222168,
    "exp-1": 5.053025722503662,
    "exp-2": 3.99114990234375,
    "exp0": 6.65625,
    "obs": 8.174946922820077
  },
  "1600.0": {
    "exp+1": 0.06134793534874916,
    "exp+2": 0.10301344096660614,
    "exp-1": 0.019356822595000267,
    "exp-2": 0.012213134206831455,
    "exp0": 0.03398437425494194,
    "obs": 0.035458198749498765
  },
  "180.0": {
    "exp+1": 4.227066516876221,
    "exp+2": 5.964980125427246,
    "exp-1": 2.022948980331421,
    "exp-2": 1.4888458251953125,
    "exp0": 2.8984375,
    "obs": 2.9983216824983567
  },
  "1800.0": {
    "exp+1": 0.06007816269993782,
    "exp+2": 0.09828931093215942,
    "exp-1": 0.01829667203128338,
    "exp-2": 0.0113983154296875,
    "exp0": 0.03242187574505806,
    "obs": 0.03240574060808489
  },
  "200.0": {
    "exp+1": 2.9281835556030273,
    "exp+2": 4.132075309753418,
    "exp-1": 1.4013419151306152,
    "exp-2": 1.0313568115234375,
    "exp0": 2.0078125,
    "obs": 1.367665872120168
  },
  "2000.0": {
    "exp+1": 0.05741365626454353,
    "exp+2": 0.091197170317173,
    "exp-1": 0.017131900414824486,
    "exp-2": 0.009869384579360485,
    "exp0": 0.03007812425494194,
    "obs": 0.02976896830124829
  },
  "2300.0": {
    "exp+1": 0.05741365626454353,
    "exp+2": 0.091197170317173,
    "exp-1": 0.016500378027558327,
    "exp-2": 0.009869384579360485,
    "exp0": 0.03007812425494194,
    "obs": 0.02815611751098763
  },
  "250.0": {
    "exp+1": 1.414815068244934,
    "exp+2": 2.0141608715057373,
    "exp-1": 0.6722370982170105,
    "exp-2": 0.4937286376953125,
    "exp0": 0.96484375,
    "obs": 0.4095529795580517
  },
  "2600.0": {
    "exp+1": 0.05470867455005646,
    "exp+2": 0.08387324959039688,
    "exp-1": 0.014632320031523705,
    "exp-2": 0.009100341238081455,
    "exp0": 0.02773437462747097,
    "obs": 0.0254394217986684
  },
  "2900.0": {
    "exp+1": 0.058725081384181976,
    "exp+2": 0.0886131078004837,
    "exp-1": 0.015456676483154297,
    "exp-2": 0.008697509765625,
    "exp0": 0.029296875,
    "obs": 0.027037070075412825
  },
  "3200.0": {
    "exp+1": 0.05559307709336281,
    "exp+2": 0.08388707041740417,
    "exp-1": 0.014632320031523705,
    "exp-2": 0.00823364220559597,
    "exp0": 0.02773437462747097,
    "obs": 0.02580840360974856
  },
  "350.0": {
    "exp+1": 0.5071976780891418,
    "exp+2": 0.7409095764160156,
    "exp-1": 0.22716276347637177,
    "exp-2": 0.16355514526367188,
    "exp0": 0.3349609375,
    "obs": 0.16330535501820834
  },
  "400.0": {
    "exp+1": 0.37707117199897766,
    "exp+2": 0.5508219599723816,
    "exp-1": 0.16757670044898987,
    "exp-2": 0.12110710144042969,
    "exp0": 0.2490234375,
    "obs": 0.1296865911286823
  },
  "450.0": {
    "exp+1": 0.2935829162597656,
    "exp+2": 0.4343169629573822,
    "exp-1": 0.12883038818836212,
    "exp-2": 0.09229183197021484,
    "exp0": 0.19287109375,
    "obs": 0.12309045287436648
  },
  "500.0": {
    "exp+1": 0.23629175126552582,
    "exp+2": 0.3531929552555084,
    "exp-1": 0.10170572996139526,
    "exp-2": 0.07253551483154297,
    "exp0": 0.15283203125,
    "obs": 0.12610604679399964
  },
  "600.0": {
    "exp+1": 0.2091737985610962,
    "exp+2": 0.30453452467918396,
    "exp-1": 0.09899310767650604,
    "exp-2": 0.07413959503173828,
    "exp0": 0.14111328125,
    "obs": 0.13364709813545
  },
  "700.0": {
    "exp+1": 0.17637357115745544,
    "exp+2": 0.25616517663002014,
    "exp-1": 0.08545756340026855,
    "exp-2": 0.06495475769042969,
    "exp0": 0.11962890625,
    "obs": 0.11809903450256701
  },
  "800.0": {
    "exp+1": 0.1418970823287964,
    "exp+2": 0.21052537858486176,
    "exp-1": 0.06686076521873474,
    "exp-2": 0.05095481872558594,
    "exp0": 0.09521484375,
    "obs": 0.09718451253260936
  },
  "90.0": {
    "exp+1": 334.4906921386719,
    "exp+2": 480.261474609375,
    "exp-1": 157.24533081054688,
    "exp-2": 114.766845703125,
    "exp0": 226.875,
    "obs": 295.1096865230568
  },
  "900.0": {
    "exp+1": 0.12090260535478592,
    "exp+2": 0.18352088332176208,
    "exp-1": 0.05445748567581177,
    "exp-2": 0.040327832102775574,
    "exp0": 0.07880859076976776,
    "obs": 0.08685886095823955
  }
}