{
  "100.0": {
    "exp+1": 47.38608169555664,
    "exp+2": 65.14276885986328,
    "exp-1": 23.834360122680664,
    "exp-2": 17.78106689453125,
    "exp0": 33.59375,
    "obs": 33.47155809788828
  },
  "1000.0": {
    "exp+1": 0.014005417004227638,
    "exp+2": 0.021236639469861984,
    "exp-1": 0.006368064787238836,
    "exp-2": 0.0042572021484375,
    "exp0": 0.009082031436264515,
    "obs": 0.009286797354752269
  },
  "110.0": {
    "exp+1": 23.472640991210938,
    "exp+2": 31.844501495361328,
    "exp-1": 11.956513404846191,
    "exp-2": 9.002838134765625,
    "exp0": 16.640625,
    "obs": 16.671242401984983
  },
  "120.0": {
    "exp+1": 16.162662506103516,
    "exp+2": 21.840940475463867,
    "exp-1": 8.341726303100586,
    "exp-2": 6.2343597412109375,
    "exp0": 11.5234375,
    "obs": 11.528069142112034
  },
  "1200.0": {
    "exp+1": 0.010605989024043083,
    "exp+2": 0.01647469773888588,
    "exp-1": 0.0043693543411791325,
    "exp-2": 0.0029479980003088713,
    "exp0": 0.0067382813431322575,
    "obs": 0.006615749997709048
  },
  "130.0": {
    "exp+1": 11.352215766906738,
    "exp+2": 15.340483665466309,
    "exp-1": 5.878021717071533,
    "exp-2": 4.41046142578125,
    "exp0": 8.09375,
    "obs": 8.128514879343507
  },
  "140.0": {
    "exp+1": 5.534891128540039,
    "exp+2": 7.449001789093018,
    "exp-1": 2.8822731971740723,
    "exp-2": 2.16265869140625,
    "exp0": 3.96875,
    "obs": 3.9596539773447894
  },
  "1400.0": {
    "exp+1": 0.008761468343436718,
    "exp+2": 0.014630177058279514,
    "exp-1": 0.00360946636646986,
    "exp-2": 0.002435302594676614,
    "exp0": 0.005566406063735485,
    "obs": 0.00536679123742237
  },
  "160.0": {
    "exp+1": 2.669386386871338,
    "exp+2": 3.617147445678711,
    "exp-1": 1.3764625787734985,
    "exp-2": 1.0430145263671875,
    "exp0": 1.9140625,
    "obs": 1.9106233438162197
  },
  "1600.0": {
    "exp+1": 0.007311319932341576,
    "exp+2": 0.01198713481426239,
    "exp-1": 0.0024505616165697575,
    "exp-2": 0.0013427734375,
    "exp0": 0.0042968750931322575,
    "obs": 0.004096369500819484
  },
  "180.0": {
    "exp+1": 1.5505198240280151,
    "exp+2": 2.0811007022857666,
    "exp-1": 0.7949773669242859,
    "exp-2": 0.6023941040039062,
    "exp0": 1.10546875,
    "obs": 1.1050651459939178
  },
  "1800.0": {
    "exp+1": 0.006654633674770594,
    "exp+2": 0.010438259690999985,
    "exp-1": 0.0021423338912427425,
    "exp-2": 0.0013183592818677425,
    "exp0": 0.0035156249068677425,
    "obs": 0.003545005900747646
  },
  "200.0": {
    "exp+1": 1.0650306940078735,
    "exp+2": 1.4333462715148926,
    "exp-1": 0.5518955588340759,
    "exp-2": 0.4161415100097656,
    "exp0": 0.763671875,
    "obs": 0.7626986471952434
  },
  "2000.0": {
    "exp+1": 0.005757773760706186,
    "exp+2": 0.009765615686774254,
    "exp-1": 0.0021423338912427425,
    "exp-2": 0.0013183592818677425,
    "exp0": 0.0035156249068677425,
    "obs": 0.003324056404958811
  },
  "2300.0": {
    "exp+1": 0.0051758261397480965,
    "exp+2": 0.007922458462417126,
    "exp-1": 0.0014526366721838713,
    "exp-2": 0.0010253905784338713,
    "exp0": 0.0027343749534338713,
    "obs": 0.0028840545055113815
  },
  "250.0": {
    "exp+1": 0.4835101366043091,
    "exp+2": 0.6533772349357605,
    "exp-1": 0.24830874800682068,
    "exp-2": 0.18650245666503906,
    "exp0": 0.3447265625,
    "obs": 0.34441817992550144
  },
  "2600.0": {
    "exp+1": 0.004478268790990114,
    "exp+2": 0.007835264317691326,
    "exp-1": 0.0014526366721838713,
    "exp-2": 0.0010253905784338713,
    "exp0": 0.0027343749534338713,
    "obs": 0.0024004155543296463
  },
  "2900.0": {
    "exp+1": 0.004478268790990114,
    "exp+2": 0.007835264317691326,
    "exp-1": 0.0014526366721838713,
    "exp-2": 0.0010253905784338713,
    "exp0": 0.0027343749534338713,
    "obs": 0.002432662163998114
  },
  "3200.0": {
    "exp+1": 0.004478268790990114,
    "exp+2": 0.007835264317691326,
    "exp-1": 0.0014526366721838713,
    "exp-2": 0.0010253905784338713,
    "exp0": 0.0027343749534338713,
    "obs": 0.00233757130228135
  },
  "350.0": {
    "exp+1": 0.13783611357212067,
    "exp+2": 0.19017668068408966,
    "exp-1": 0.06882236897945404,
    "exp-2": 0.05124092102050781,
    "exp0": 0.09716796875,
    "obs": 0.09686550978862374
  },
  "400.0": {
    "exp+1": 0.10181863605976105,
    "exp+2": 0.14139200747013092,
    "exp-1": 0.05083863437175751,
    "exp-2": 0.03785133361816406,
    "exp0": 0.07177734375,
    "obs": 0.07123165175809278
  },
  "450.0": {
    "exp+1": 0.07598718255758286,
    "exp+2": 0.10545040667057037,
    "exp-1": 0.03707355260848999,
    "exp-2": 0.027347564697265625,
    "exp0": 0.05224609375,
    "obs": 0.05249192784128196
  },
  "500.0": {
    "exp+1": 0.0561026856303215,
    "exp+2": 0.07857304811477661,
    "exp-1": 0.02737206220626831,
    "exp-2": 0.020191192626953125,
    "exp0": 0.03857421875,
    "obs": 0.03188613514168147
  },
  "600.0": {
    "exp+1": 0.03283306583762169,
    "exp+2": 0.04743495211005211,
    "exp-1": 0.015653371810913086,
    "exp-2": 0.01132965087890625,
    "exp0": 0.02197265625,
    "obs": 0.022165136318235946
  },
  "700.0": {
    "exp+1": 0.02608179673552513,
    "exp+2": 0.03700241819024086,
    "exp-1": 0.012174844741821289,
    "exp-2": 0.00881195068359375,
    "exp0": 0.01708984375,
    "obs": 0.017300774807238253
  },
  "800.0": {
    "exp+1": 0.02033044397830963,
    "exp+2": 0.029283713549375534,
    "exp-1": 0.008934974670410156,
    "exp-2": 0.0070037841796875,
    "exp0": 0.01318359375,
    "obs": 0.013564068831033978
  },
  "90.0": {
    "exp+1": 110.37971496582031,
    "exp+2": 151.3080291748047,
    "exp-1": 55.72291946411133,
    "exp-2": 41.7938232421875,
    "exp0": 77.8125,
    "obs": 77.93381713703366
  },
  "900.0": {
    "exp+1": 0.017757225781679153,
    "exp+2": 0.025675252079963684,
    "exp-1": 0.007624626159667969,
    "exp-2": 0.0056304931640625,
    "exp0": 0.012011718936264515,
    "obs": 0.011811975932067675
  }
}