{
  "100.0": {
    "exp+1": 74.2928695678711,
    "exp+2": 106.66964721679688,
    "exp-1": 34.925357818603516,
    "exp-2": 25.490570068359375,
    "exp0": 50.390625,
    "obs": 34.09821744191695
  },
  "1000.0": {
    "exp+1": 0.1329328566789627,
    "exp+2": 0.20294377207756042,
    "exp-1": 0.05862383544445038,
    "exp-2": 0.04355049133300781,
    "exp0": 0.08642578125,
    "obs": 0.08500307148502405
  },
  "110.0": {
    "exp+1": 101.04185485839844,
    "exp+2": 143.8453369140625,
    "exp-1": 48.09274673461914,
    "exp-2": 35.39520263671875,
    "exp0": 68.90625,
    "obs": 71.21552979828633
  },
  "120.0": {
    "exp+1": 90.79155731201172,
    "exp+2": 130.691162109375,
    "exp-1": 42.2154541015625,
    "exp-2": 30.98388671875,
    "exp0": 61.25,
    "obs": 61.47642564852226
  },
  "1200.0": {
    "exp+1": 0.08745250850915909,
    "exp+2": 0.14526695013046265,
    "exp-1": 0.030198562890291214,
    "exp-2": 0.020194245502352715,
    "exp0": 0.05068359524011612,
    "obs": 0.05642030955496049
  },
  "130.0": {
    "exp+1": 63.713626861572266,
    "exp+2": 87.2082748413086,
    "exp-1": 30.491456985473633,
    "exp-2": 22.4410400390625,
    "exp0": 43.6875,
    "obs": 34.66847364029938
  },
  "140.0": {
    "exp+1": 37.785438537597656,
    "exp+2": 50.50417709350586,
    "exp-1": 18.975671768188477,
    "exp-2": 14.02313232421875,
    "exp0": 27.09375,
    "obs": 28.205319094733373
  },
  "1400.0": {
    "exp+1": 0.0815645158290863,
    "exp+2": 0.13941191136837006,
    "exp-1": 0.026922760531306267,
    "exp-2": 0.017607878893613815,
    "exp0": 0.04599609225988388,
    "obs": 0.045946210078206685
  },
  "160.0": {
    "exp+1": 15.605546951293945,
    "exp+2": 20.64289665222168,
    "exp-1": 8.894969940185547,
    "exp-2": 6.94366455078125,
    "exp0": 11.65625,
    "obs": 10.592369372123411
  },
  "1600.0": {
    "exp+1": 0.07611732184886932,
    "exp+2": 0.12669989466667175,
    "exp-1": 0.024026060476899147,
    "exp-2": 0.015347289852797985,
    "exp0": 0.04179687425494194,
    "obs": 0.039985057965667786
  },
  "180.0": {
    "exp+1": 6.648796558380127,
    "exp+2": 9.267762184143066,
    "exp-1": 3.2506375312805176,
    "exp-2": 2.421722412109375,
    "exp0": 4.609375,
    "obs": 4.190280790286652
  },
  "1800.0": {
    "exp+1": 0.0739133208990097,
    "exp+2": 0.12196847051382065,
    "exp-1": 0.022705508396029472,
    "exp-2": 0.0141448974609375,
    "exp0": 0.04023437574505806,
    "obs": 0.03624726158273418
  },
  "200.0": {
    "exp+1": 4.271948337554932,
    "exp+2": 5.973672866821289,
    "exp-1": 2.0699565410614014,
    "exp-2": 1.5359344482421875,
    "exp0": 2.9453125,
    "obs": 2.0445378190857753
  },
  "2000.0": {
    "exp+1": 0.07350926101207733,
    "exp+2": 0.11725109815597534,
    "exp-1": 0.021823739632964134,
    "exp-2": 0.013595580123364925,
    "exp0": 0.03867187350988388,
    "obs": 0.035594249225270706
  },
  "2300.0": {
    "exp+1": 0.07262836396694183,
    "exp+2": 0.11488711088895798,
    "exp-1": 0.020198773592710495,
    "exp-2": 0.012728882022202015,
    "exp0": 0.03789062425494194,
    "obs": 0.033522690089020965
  },
  "250.0": {
    "exp+1": 1.8300256729125977,
    "exp+2": 2.574690818786621,
    "exp-1": 0.8836709260940552,
    "exp-2": 0.6530380249023438,
    "exp0": 1.26171875,
    "obs": 0.6807648203581497
  },
  "2600.0": {
    "exp+1": 0.07349758595228195,
    "exp+2": 0.11253679543733597,
    "exp-1": 0.02016282081604004,
    "exp-2": 0.0118865966796875,
    "exp0": 0.037109375,
    "obs": 0.03357314388977309
  },
  "2900.0": {
    "exp+1": 0.07625316828489304,
    "exp+2": 0.11491542309522629,
    "exp-1": 0.020189523696899414,
    "exp-2": 0.01154479943215847,
    "exp0": 0.03789062425494194,
    "obs": 0.0341346473040951
  },
  "3200.0": {
    "exp+1": 0.07861151546239853,
    "exp+2": 0.11846951395273209,
    "exp-1": 0.019965171813964844,
    "exp-2": 0.01190185546875,
    "exp0": 0.0390625,
    "obs": 0.03493799127382824
  },
  "350.0": {
    "exp+1": 0.6902235150337219,
    "exp+2": 0.9884068965911865,
    "exp-1": 0.3250017762184143,
    "exp-2": 0.2390289306640625,
    "exp0": 0.470703125,
    "obs": 0.3137538667489004
  },
  "400.0": {
    "exp+1": 0.5168825387954712,
    "exp+2": 0.7464301586151123,
    "exp-1": 0.2412043660879135,
    "exp-2": 0.17666244506835938,
    "exp0": 0.3505859375,
    "obs": 0.23750119211011048
  },
  "450.0": {
    "exp+1": 0.3856690227985382,
    "exp+2": 0.5596575140953064,
    "exp-1": 0.17772990465164185,
    "exp-2": 0.1298999786376953,
    "exp0": 0.2587890625,
    "obs": 0.19270182738723712
  },
  "500.0": {
    "exp+1": 0.3074233829975128,
    "exp+2": 0.4505745470523834,
    "exp-1": 0.13891837000846863,
    "exp-2": 0.10045623779296875,
    "exp0": 0.2041015625,
    "obs": 0.18954824988086716
  },
  "600.0": {
    "exp+1": 0.2570706009864807,
    "exp+2": 0.3714793026447296,
    "exp-1": 0.12550759315490723,
    "exp-2": 0.0960531234741211,
    "exp0": 0.17626953125,
    "obs": 0.1767410717877642
  },
  "700.0": {
    "exp+1": 0.2135019153356552,
    "exp+2": 0.3098231852054596,
    "exp-1": 0.10395226627588272,
    "exp-2": 0.07955646514892578,
    "exp0": 0.14599609375,
    "obs": 0.14902400604953875
  },
  "800.0": {
    "exp+1": 0.17391489446163177,
    "exp+2": 0.2566148638725281,
    "exp-1": 0.08237110078334808,
    "exp-2": 0.06245231628417969,
    "exp0": 0.11669921875,
    "obs": 0.12079367929225504
  },
  "90.0": {
    "exp+1": 95.02576446533203,
    "exp+2": 136.4379119873047,
    "exp-1": 44.828338623046875,
    "exp-2": 32.855987548828125,
    "exp0": 64.453125,
    "obs": 51.45302444210269
  },
  "900.0": {
    "exp+1": 0.15488843619823456,
    "exp+2": 0.23194348812103271,
    "exp-1": 0.07207468897104263,
    "exp-2": 0.05422782897949219,
    "exp0": 0.10283203423023224,
    "obs": 0.10102233925811319
  }
}